,Test_RMSE,Train_RMSE,RMSE_Diff,Test_R2,Train_R2,R2_Diff,Overfit?
Linear Reg,22255.37321119143,18693.231615032502,3562.1415961589264,0.9236441754289861,0.9424835672466816,-0.01883939181769545,Yes
Ridge,20809.985292117068,19550.874294515455,1259.1109976016123,0.9332400573596251,0.937084806696077,-0.003844749336451847,Yes
Lasso,21245.484686721218,20270.501447128645,974.9832395925732,0.9304165920599926,0.9323680120377095,-0.0019514199777168617,Yes
ElasticNet,23005.047306061606,23471.652302896993,-466.6049968353873,0.9184134310502768,0.9093202122685924,0.009093218781684453,No
