,Test_RMSE,Train_RMSE,RMSE_Diff,Test_R2,Train_R2,R2_Diff,Overfit?
Linear Reg,21216.493303498475,17850.730582477685,3365.76272102079,0.9123329102346185,0.9377225317550263,-0.0253896215204078,Yes
Ridge,21185.47368781113,18412.342157290146,2773.131530520983,0.9125890705192082,0.9337421969017653,-0.021153126382557064,Yes
Lasso,21934.779185867672,19137.166117224533,2797.613068643139,0.9062964781559014,0.9284228813594333,-0.022126403203531875,Yes
ElasticNet,23484.692007732003,21589.357080337093,1895.3349273949098,0.8925864380524388,0.9089041951549995,-0.01631775710256078,Yes
